INSERT INTO SOAPBOX.`ACHIEVEMENTDEFINITION` (`id`, `friendlyIdentifier`, `isVisible`, `badgeDefinitionId`, `progressText`, `statConversion`)
VALUES
  (1,'achievement_ACH_WIN_RACES_ACLASS',1,30,'GM_ACHIEVEMENT_000001C6','None'),
  (2,'achievement_ACH_WIN_RACES_BCLASS',1,10,'GM_ACHIEVEMENT_000001B6','None'),
  (3,'achievement_ACH_WIN_RACES_CCLASS',1,32,'GM_ACHIEVEMENT_000001C8','None'),
  (4,'achievement_ACH_WIN_RACES_DCLASS',1,41,'GM_ACHIEVEMENT_000001CD','None'),
  (5,'achievement_ACH_WIN_RACES_ECLASS',1,92,'GM_ACHIEVEMENT_000001EB','None'),
  (6,'achievement_ACH_WIN_RACES_SCLASS',1,28,'GM_ACHIEVEMENT_000001C4','None'),
  (7,'achievement_ACH_WIN_DRAG',1,49,'GM_ACHIEVEMENT_0000014D','None'),
  (8,'achievement_ACH_INCUR_COSTTOSTATE',1,1,'GM_ACHIEVEMENT_000001AD','None'),
  (9,'achievement_ACH_PURSUIT',1,4,'GM_ACHIEVEMENT_00000030','None'),
  (10,'achievement_ACH_COPSDISABLED_TE',1,17,'GM_ACHIEVEMENT_000001BB','None'),
  (11,'achievement_ACH_DODGE_ROADBLOCK_TE',1,71,'GM_ACHIEVEMENT_000001DF','None'),
  (12,'achievement_ACH_CLOCKED_AIRTIME',1,2,'GM_ACHIEVEMENT_000001AE','FromMillisecondsToMinutes'),
  (13,'achievement_ACH_DRIVE_MILES',1,74,'GM_ACHIEVEMENT_000000DA','FromMetersToDistance'),
  (14,'achievement_ACH_INSTALL_AFTERMARKETPART',1,78,'GM_ACHIEVEMENT_000000E3','None'),
  (15,'achievement_ACH_OWN_CAR',1,61,'GM_ACHIEVEMENT_000001DA','None'),
  (16,'achievement_ACH_EARN_CASH_EVENT',1,89,'GM_ACHIEVEMENT_000001B2','None'),
  (17,'achievement_ACH_INSTALL_PERFORMANCEPART',1,76,'GM_ACHIEVEMENT_000001E3','None'),
  (18,'achievement_ACH_INSTALL_PAINTS',1,31,'GM_ACHIEVEMENT_0000007E','None'),
  (19,'achievement_ACH_REACH_DRIVERLEVEL',1,13,'GM_ACHIEVEMENT_000001B8','None'),
  (20,'achievement_ACH_EARN_DRIVERSCORE',1,6,'GM_ACHIEVEMENT_000001B3','None'),
  (21,'achievement_ACH_INSTALL_VINYLS',1,56,'GM_ACHIEVEMENT_000000B3','None'),
  (22,'achievement_ACH_PARTICIPATE_OPENBETA',0,84,'GM_ACHIEVEMENT_00000049','None'),
  (23,'achievement_ACH_IS_DEVELOPER',0,59,'GM_ACHIEVEMENT_00000049','None'),
  (24,'achievement_ACH_OWN_ALFAROMEO',1,25,'GM_ACHIEVEMENT_0000011F','None'),
  (25,'achievement_ACH_OWN_ASTONMARTIN',1,15,'GM_ACHIEVEMENT_00000119','None'),
  (26,'achievement_ACH_OWN_AUDI',1,46,'GM_ACHIEVEMENT_00000128','None'),
  (27,'achievement_ACH_OWN_BENTLEY',1,27,'GM_ACHIEVEMENT_00000120','None'),
  (28,'achievement_ACH_OWN_BMW',1,53,'GM_ACHIEVEMENT_0000012C','None'),
  (29,'achievement_ACH_OWN_CADILLAC',1,19,'GM_ACHIEVEMENT_0000011B','None'),
  (30,'achievement_ACH_OWN_CATERHAM',1,57,'GM_ACHIEVEMENT_000001AA','None'),
  (31,'achievement_ACH_OWN_CHEVROLET',1,62,'GM_ACHIEVEMENT_0000012F','None'),
  (32,'achievement_ACH_OWN_CHRYSLER',1,36,'GM_ACHIEVEMENT_00000123','None'),
  (33,'achievement_ACH_OWN_DODGE',1,26,'GM_ACHIEVEMENT_0000023D','None'),
  (34,'achievement_ACH_OWN_FORD',1,50,'GM_ACHIEVEMENT_0000012B','None'),
  (35,'achievement_ACH_OWN_FORDSHELBY',1,38,'GM_ACHIEVEMENT_00000124','None'),
  (36,'achievement_ACH_OWN_HUMMER',1,24,'GM_ACHIEVEMENT_0000011E','None'),
  (37,'achievement_ACH_OWN_INFINITI',1,44,'GM_ACHIEVEMENT_00000127','None'),
  (38,'achievement_ACH_OWN_JAGUAR',1,77,'GM_ACHIEVEMENT_00000133','None'),
  (39,'achievement_ACH_OWN_JEEP',1,33,'GM_ACHIEVEMENT_000001A8','None'),
  (40,'achievement_ACH_OWN_KOENIGSEGG',1,93,'GM_ACHIEVEMENT_00000139','None'),
  (41,'achievement_ACH_OWN_LAMBORGHINI',1,80,'GM_ACHIEVEMENT_00000134','None'),
  (42,'achievement_ACH_OWN_LANCIA',1,20,'GM_ACHIEVEMENT_0000011C','None'),
  (43,'achievement_ACH_OWN_LEXUS',1,3,'GM_ACHIEVEMENT_00000114','None'),
  (44,'achievement_ACH_OWN_LOTUS',1,68,'GM_ACHIEVEMENT_00000132','None'),
  (45,'achievement_ACH_OWN_MARUSSIA',1,87,'GM_ACHIEVEMENT_00000137','None'),
  (46,'achievement_ACH_OWN_MAZDA',1,29,'GM_ACHIEVEMENT_00000121','None'),
  (47,'achievement_ACH_OWN_MCLAREN',1,5,'GM_ACHIEVEMENT_00000115','None'),
  (48,'achievement_ACH_OWN_MERCEDES-BENZ',1,9,'GM_ACHIEVEMENT_00000040','None'),
  (49,'achievement_ACH_OWN_MITSUBISHI',1,14,'GM_ACHIEVEMENT_00000118','None'),
  (50,'achievement_ACH_OWN_NISSAN',1,43,'GM_ACHIEVEMENT_00000126','None'),
  (51,'achievement_ACH_OWN_PAGANI',1,21,'GM_ACHIEVEMENT_0000011D','None'),
  (52,'achievement_ACH_OWN_PLYMOUTH',1,47,'GM_ACHIEVEMENT_00000129','None'),
  (53,'achievement_ACH_OWN_PONTIAC',1,63,'GM_ACHIEVEMENT_00000130','None'),
  (54,'achievement_ACH_OWN_PORSCHE',1,55,'GM_ACHIEVEMENT_0000012D','None'),
  (55,'achievement_ACH_OWN_RENAULTSPORT',1,35,'GM_ACHIEVEMENT_00000122','None'),
  (56,'achievement_ACH_OWN_SCION',1,64,'GM_ACHIEVEMENT_00000131','None'),
  (57,'achievement_ACH_OWN_SHELBY',1,18,'GM_ACHIEVEMENT_0000011A','None'),
  (58,'achievement_ACH_OWN_SUBARU',1,11,'GM_ACHIEVEMENT_00000117','None'),
  (59,'achievement_ACH_OWN_TOYOTA',1,81,'GM_ACHIEVEMENT_00000135','None'),
  (60,'achievement_ACH_OWN_VAUXHALL',1,40,'GM_ACHIEVEMENT_00000125','None'),
  (61,'achievement_ACH_OWN_VOLKSWAGEN',1,85,'GM_ACHIEVEMENT_00000136','None'),
  (62,'achievement_ACH_USE_NOS',1,96,'GM_ACHIEVEMENT_0000026D','None'),
  (63,'achievement_ACH_PLAY_EVENTS',1,94,'GM_ACHIEVEMENT_00000106','None'),
  (64,'achievement_ACH_COMPLETE_TH',1,91,'GM_ACHIEVEMENT_000001EA','None'),
  (65,'achievement_ACH_WINSTREAK_TH',1,22,'GM_ACHIEVEMENT_00000067','None');

INSERT INTO SOAPBOX.`ACHIEVEMENTRANK` (`id`, `achievementId`, `isRare`, `points`, `rank`, `rewardDescription`, `rewardType`, `rewardVisualStyle`, `thresholdValue`)
VALUES
  (1,1,1,50,1,'GM_ACHIEVEMENT_00000226','aftermarket','achievements_rewards',5),
  (2,1,1,50,2,'GM_ACHIEVEMENT_0000016B','cash','achievements_rewards',25),
  (3,1,1,50,3,'GM_ACHIEVEMENT_00000186','skillmod','achievements_rewards',50),
  (4,1,1,50,4,'GM_ACHIEVEMENT_00000183','cash','achievements_rewards',125),
  (5,1,1,50,5,'GM_ACHIEVEMENT_0000017D','cardpack','platinum',250),
  (6,2,1,50,1,'GM_ACHIEVEMENT_00000228','aftermarket','achievements_rewards',5),
  (7,2,1,50,2,'GM_ACHIEVEMENT_0000016B','cash','achievements_rewards',25),
  (8,2,1,50,3,'GM_ACHIEVEMENT_00000186','skillmod','achievements_rewards',50),
  (9,2,1,50,4,'GM_ACHIEVEMENT_00000183','cash','achievements_rewards',125),
  (10,2,1,50,5,'GM_ACHIEVEMENT_00000192','cardpack','skillmods_gold_race',250),
  (11,3,1,25,1,'GM_ACHIEVEMENT_00000165','cash','achievements_rewards',5),
  (12,3,1,25,2,'GM_ACHIEVEMENT_00000237','performance','achievements_rewards',25),
  (13,3,1,25,3,'GM_ACHIEVEMENT_0000016B','cash','achievements_rewards',50),
  (14,3,1,25,4,'GM_ACHIEVEMENT_00000186','skillmod','achievements_rewards',125),
  (15,3,1,25,5,'GM_ACHIEVEMENT_00000185','cardpack','gold',250),
  (16,4,1,25,1,'GM_ACHIEVEMENT_00000165','cash','achievements_rewards',5),
  (17,4,1,25,2,'GM_ACHIEVEMENT_0000023C','performance','achievements_rewards',25),
  (18,4,1,25,3,'GM_ACHIEVEMENT_0000016B','cash','achievements_rewards',50),
  (19,4,1,25,4,'GM_ACHIEVEMENT_00000186','skillmod','achievements_rewards',125),
  (20,4,1,25,5,'GM_ACHIEVEMENT_00000185','cardpack','gold',250),
  (21,5,1,25,1,'GM_ACHIEVEMENT_00000165','cash','achievements_rewards',5),
  (22,5,1,25,2,'GM_ACHIEVEMENT_00000241','performance','achievements_rewards',25),
  (23,5,1,25,3,'GM_ACHIEVEMENT_0000016B','cash','achievements_rewards',50),
  (24,5,1,25,4,'GM_ACHIEVEMENT_00000186','skillmod','achievements_rewards',125),
  (25,5,1,25,5,'GM_ACHIEVEMENT_00000185','cardpack','gold',250),
  (26,6,1,50,1,'GM_ACHIEVEMENT_00000245','aftermarket','achievements_rewards',5),
  (27,6,1,50,2,'GM_ACHIEVEMENT_0000016B','cash','achievements_rewards',25),
  (28,6,1,50,3,'GM_ACHIEVEMENT_0000022E','aftermarket','achievements_rewards',50),
  (29,6,1,50,4,'GM_ACHIEVEMENT_00000263','aftermarket','achievements_rewards',125),
  (30,6,1,50,5,'GM_ACHIEVEMENT_00000193','cardpack','cardpack_carprize',250),
  (31,7,0,25,1,'GM_ACHIEVEMENT_00000179','skillmod','achievements_rewards',10),
  (32,7,1,25,2,'GM_ACHIEVEMENT_0000016B','cash','achievements_rewards',50),
  (33,7,1,25,3,'GM_ACHIEVEMENT_0000017A','skillmod','achievements_rewards',200),
  (34,7,1,25,4,'GM_ACHIEVEMENT_00000183','cash','achievements_rewards',750),
  (35,7,1,25,5,'GM_ACHIEVEMENT_00000192','cardpack','skillmods_gold_race',2500),
  (36,8,0,10,1,'GM_ACHIEVEMENT_0000018F','skillmod','achievements_rewards',50000),
  (37,8,0,10,2,'GM_ACHIEVEMENT_00000169','powerup','achievements_rewards',250000),
  (38,8,0,10,3,'GM_ACHIEVEMENT_0000016B','cash','achievements_rewards',1000000),
  (39,8,1,10,4,'GM_ACHIEVEMENT_00000190','powerup','achievements_rewards',5000000),
  (40,8,1,10,5,'GM_ACHIEVEMENT_0000016C','skillmod','achievements_rewards',25000000),
  (41,9,0,10,1,'GM_ACHIEVEMENT_0000019A','powerup','achievements_rewards',10),
  (42,9,1,10,2,'GM_ACHIEVEMENT_00000171','skillmod','achievements_rewards',50),
  (43,9,1,10,3,'GM_ACHIEVEMENT_0000019B','powerup','achievements_rewards',200),
  (44,9,1,10,4,'GM_ACHIEVEMENT_0000016B','cash','achievements_rewards',750),
  (45,9,1,10,5,'GM_ACHIEVEMENT_0000016C','skillmod','achievements_rewards',2000),
  (46,10,0,10,1,'GM_ACHIEVEMENT_0000026C','powerup','achievements_rewards',50),
  (47,10,0,10,2,'GM_ACHIEVEMENT_00000181','cardpack','mystery',150),
  (48,10,1,10,3,'GM_ACHIEVEMENT_00000174','powerup','achievements_rewards',500),
  (49,10,1,10,4,'GM_ACHIEVEMENT_00000197','skillmod','achievements_rewards',1200),
  (50,10,1,10,5,'GM_ACHIEVEMENT_00000198','cardpack','skillmods_gold_teamescape',3000),
  (51,11,0,10,1,'GM_ACHIEVEMENT_0000016A','skillmod','achievements_rewards',25),
  (52,11,0,10,2,'GM_ACHIEVEMENT_00000226','aftermarket','achievements_rewards',100),
  (53,11,0,10,3,'GM_ACHIEVEMENT_00000181','cardpack','mystery',250),
  (54,11,1,10,4,'GM_ACHIEVEMENT_0000016B','cash','achievements_rewards',750),
  (55,11,1,10,5,'GM_ACHIEVEMENT_00000175','performance','achievements_rewards',1500),
  (56,12,0,10,1,'GM_ACHIEVEMENT_0000017F','powerup','achievements_rewards',60000),
  (57,12,1,10,2,'GM_ACHIEVEMENT_00000224','aftermarket','achievements_rewards',300000),
  (58,12,1,10,3,'GM_ACHIEVEMENT_00000181','cardpack','mystery',900000),
  (59,12,1,10,4,'GM_ACHIEVEMENT_0000016B','cash','achievements_rewards',1800000),
  (60,12,1,10,5,'GM_ACHIEVEMENT_00000225','aftermarket','achievements_rewards',3600000),
  (61,13,0,10,1,'GM_ACHIEVEMENT_0000024E','powerup','achievements_rewards',160935),
  (62,13,1,10,2,'GM_ACHIEVEMENT_00000165','cash','achievements_rewards',1609347),
  (63,13,1,10,3,'GM_ACHIEVEMENT_0000024F','powerup','achievements_rewards',8046723),
  (64,13,1,10,4,'GM_ACHIEVEMENT_00000166','cardpack','mystery',20116807),
  (65,13,1,10,5,'GM_ACHIEVEMENT_0000023A','aftermarket','achievements_rewards',40233613),
  (66,14,0,50,1,'GM_ACHIEVEMENT_0000017F','powerup','achievements_rewards',3),
  (67,14,1,50,2,'GM_ACHIEVEMENT_00000227','performance','achievements_rewards',15),
  (68,14,1,50,3,'GM_ACHIEVEMENT_00000181','cardpack','mystery',50),
  (69,14,1,50,4,'GM_ACHIEVEMENT_00000183','cash','achievements_rewards',200),
  (70,14,1,50,5,'GM_ACHIEVEMENT_00000187','car','achievements_rewards',500),
  (71,15,0,100,1,'GM_ACHIEVEMENT_0000022B','skillmod','achievements_rewards',2),
  (72,15,1,100,2,'GM_ACHIEVEMENT_00000185','cardpack','gold',10),
  (73,15,1,100,3,'GM_ACHIEVEMENT_0000017E','aftermarket','achievements_rewards',30),
  (74,15,1,100,4,'GM_ACHIEVEMENT_0000017D','cardpack','platinum',70),
  (75,15,1,100,5,'GM_ACHIEVEMENT_0000018E','car','achievements_rewards',150),
  (76,16,0,10,1,'GM_ACHIEVEMENT_00000250','powerup','achievements_rewards',10000),
  (77,16,0,10,2,'GM_ACHIEVEMENT_00000251','aftermarket','achievements_rewards',500000),
  (78,16,1,10,3,'GM_ACHIEVEMENT_00000252','aftermarket','achievements_rewards',2500000),
  (79,16,1,10,4,'GM_ACHIEVEMENT_0000018B','cardpack','skillmods_gold_rewardsbooster',10000000),
  (80,16,1,10,5,'GM_ACHIEVEMENT_00000253','aftermarket','achievements_rewards',25000000),
  (81,17,1,25,1,'GM_ACHIEVEMENT_0000025B','skillmod','achievements_rewards',5),
  (82,17,1,25,2,'GM_ACHIEVEMENT_0000016B','cash','achievements_rewards',15),
  (83,17,1,25,3,'GM_ACHIEVEMENT_0000025C','aftermarket','achievements_rewards',50),
  (84,17,1,25,4,'GM_ACHIEVEMENT_00000183','cash','achievements_rewards',100),
  (85,17,1,25,5,'GM_ACHIEVEMENT_000001A7','car','achievements_rewards',200),
  (86,18,0,10,1,'GM_ACHIEVEMENT_0000017F','powerup','achievements_rewards',3),
  (87,18,1,10,2,'GM_ACHIEVEMENT_00000238','aftermarket','achievements_rewards',30),
  (88,18,1,10,3,'GM_ACHIEVEMENT_00000181','cardpack','mystery',100),
  (89,18,1,10,4,'GM_ACHIEVEMENT_0000023E','powerup','achievements_rewards',500),
  (90,18,1,10,5,'GM_ACHIEVEMENT_00000228','aftermarket','achievements_rewards',1000),
  (91,19,0,50,1,'GM_ACHIEVEMENT_00000241','performance','achievements_rewards',5),
  (92,19,0,50,2,'GM_ACHIEVEMENT_0000016B','cash','achievements_rewards',15),
  (93,19,0,50,3,'GM_ACHIEVEMENT_00000166','cardpack','mystery',30),
  (94,19,1,50,4,'GM_ACHIEVEMENT_0000024B','performance','achievements_rewards',45),
  (95,19,1,50,5,'GM_ACHIEVEMENT_00000194','aftermarket','achievements_rewards',60),
  (96,20,1,0,1,'GM_ACHIEVEMENT_00000192','cardpack','skillmods_gold_race',1000),
  (97,20,1,0,2,'GM_ACHIEVEMENT_0000017D','cardpack','platinum',2000),
  (98,20,1,0,3,'GM_ACHIEVEMENT_00000193','cardpack','cardpack_carprize',3000),
  (99,20,1,0,4,'GM_ACHIEVEMENT_00000191','aftermarket','achievements_rewards',4000),
  (100,20,1,0,5,'GM_ACHIEVEMENT_0000017C','car','achievements_rewards',5000),
  (101,21,0,10,1,'GM_ACHIEVEMENT_0000017F','powerup','achievements_rewards',10),
  (102,21,1,10,2,'GM_ACHIEVEMENT_00000233','aftermarket','achievements_rewards',100),
  (103,21,1,10,3,'GM_ACHIEVEMENT_00000234','powerup','achievements_rewards',500),
  (104,21,1,10,4,'GM_ACHIEVEMENT_00000181','cardpack','mystery',1000),
  (105,21,1,10,5,'GM_ACHIEVEMENT_00000235','aftermarket','achievements_rewards',2500),
  (106,22,1,0,1,'GM_ACHIEVEMENT_0000025D','aftermarket','achievements_rewards',1),
  (107,23,1,1337,1,'GM_ACHIEVEMENT_00000199','cardpack','achievements_rewards',1),
  (108,24,1,25,1,'GM_ACHIEVEMENT_0000022D','performance','achievements_rewards',1),
  (109,24,1,25,2,'GM_ACHIEVEMENT_0000022E','aftermarket','achievements_rewards',4),
  (110,24,1,25,3,'GM_ACHIEVEMENT_00000192','cardpack','skillmods_gold_race',10),
  (111,25,1,25,1,'GM_ACHIEVEMENT_00000229','performance','achievements_rewards',1),
  (112,25,1,25,2,'GM_ACHIEVEMENT_00000189','skillmod','achievements_rewards',4),
  (113,25,1,25,3,'GM_ACHIEVEMENT_0000022A','aftermarket','achievements_rewards',10),
  (114,26,0,25,1,'GM_ACHIEVEMENT_00000228','aftermarket','achievements_rewards',1),
  (115,26,1,25,2,'GM_ACHIEVEMENT_00000196','cardpack','silver',4),
  (116,26,1,25,3,'GM_ACHIEVEMENT_00000230','aftermarket','achievements_rewards',10),
  (117,27,1,25,1,'GM_ACHIEVEMENT_0000022B','aftermarket','achievements_rewards',1),
  (118,27,1,25,2,'GM_ACHIEVEMENT_00000196','cardpack','silver',4),
  (119,27,1,25,3,'GM_ACHIEVEMENT_0000022F','performance','achievements_rewards',10),
  (120,28,0,25,1,'GM_ACHIEVEMENT_00000231','performance','achievements_rewards',1),
  (121,28,1,25,2,'GM_ACHIEVEMENT_00000186','skillmod','achievements_rewards',4),
  (122,28,1,25,3,'GM_ACHIEVEMENT_00000232','aftermarket','achievements_rewards',10),
  (123,29,1,25,1,'GM_ACHIEVEMENT_0000022B','aftermarket','achievements_rewards',1),
  (124,29,1,25,2,'GM_ACHIEVEMENT_00000196','cardpack','silver',4),
  (125,29,1,25,3,'GM_ACHIEVEMENT_0000022C','performance','achievements_rewards',10),
  (126,30,1,25,1,'GM_ACHIEVEMENT_00000231','performance','achievements_rewards',1),
  (127,30,1,25,2,'GM_ACHIEVEMENT_00000236','skillmod','achievements_rewards',4),
  (128,30,1,25,3,'GM_ACHIEVEMENT_0000017D','cardpack','platinum',10),
  (129,31,1,25,1,'GM_ACHIEVEMENT_0000023A','aftermarket','achievements_rewards',1),
  (130,31,1,25,2,'GM_ACHIEVEMENT_00000186','skillmod','achievements_rewards',4),
  (131,31,1,25,3,'GM_ACHIEVEMENT_0000022E','aftermarket','achievements_rewards',10),
  (132,32,1,25,1,'GM_ACHIEVEMENT_00000238','aftermarket','achievements_rewards',1),
  (133,32,1,25,2,'GM_ACHIEVEMENT_00000166','cardpack','mystery',4),
  (134,32,1,25,3,'GM_ACHIEVEMENT_00000239','aftermarket','achievements_rewards',10),
  (135,33,0,25,1,'GM_ACHIEVEMENT_00000171','skillmod','achievements_rewards',1),
  (136,33,1,25,2,'GM_ACHIEVEMENT_00000166','cardpack','mystery',4),
  (137,33,1,25,3,'GM_ACHIEVEMENT_0000022E','aftermarket','achievements_rewards',10),
  (138,34,1,25,1,'GM_ACHIEVEMENT_00000238','aftermarket','achievements_rewards',1),
  (139,34,1,25,2,'GM_ACHIEVEMENT_0000023F','aftermarket','achievements_rewards',4),
  (140,34,1,25,3,'GM_ACHIEVEMENT_00000240','cardpack','skillmods_gold_pursuit',10),
  (141,35,1,25,1,'GM_ACHIEVEMENT_0000022B','performance','achievements_rewards',1),
  (142,35,1,25,2,'GM_ACHIEVEMENT_00000184','skillmod','achievements_rewards',4),
  (143,35,1,25,3,'GM_ACHIEVEMENT_00000185','cardpack','gold',10),
  (144,36,1,25,1,'GM_ACHIEVEMENT_00000242','performance','achievements_rewards',1),
  (145,36,1,25,2,'GM_ACHIEVEMENT_0000016C','skillmod','achievements_rewards',4),
  (146,36,1,25,3,'GM_ACHIEVEMENT_00000243','aftermarket','achievements_rewards',10),
  (147,37,1,25,1,'GM_ACHIEVEMENT_00000238','aftermarket','achievements_rewards',1),
  (148,37,1,25,2,'GM_ACHIEVEMENT_00000196','cardpack','silver',4),
  (149,37,1,25,3,'GM_ACHIEVEMENT_00000244','aftermarket','achievements_rewards',10),
  (150,38,1,25,1,'GM_ACHIEVEMENT_00000245','aftermarket','achievements_rewards',1),
  (151,38,1,25,2,'GM_ACHIEVEMENT_00000246','aftermarket','achievements_rewards',4),
  (152,38,1,25,3,'GM_ACHIEVEMENT_00000185','cardpack','gold',10),
  (153,39,1,25,1,'GM_ACHIEVEMENT_0000022B','aftermarket','achievements_rewards',1),
  (154,39,1,25,2,'GM_ACHIEVEMENT_00000181','cardpack','mystery',4),
  (155,39,1,25,3,'GM_ACHIEVEMENT_0000022C','performance','achievements_rewards',10),
  (156,40,1,25,1,'GM_ACHIEVEMENT_00000229','performance','achievements_rewards',1),
  (157,40,1,25,2,'GM_ACHIEVEMENT_00000236','skillmod','achievements_rewards',4),
  (158,40,1,25,3,'GM_ACHIEVEMENT_0000017D','cardpack','platinum',10),
  (159,41,0,25,1,'GM_ACHIEVEMENT_0000022D','performance','achievements_rewards',1),
  (160,41,1,25,2,'GM_ACHIEVEMENT_00000236','skillmod','achievements_rewards',4),
  (161,41,1,25,3,'GM_ACHIEVEMENT_00000249','aftermarket','achievements_rewards',10),
  (162,42,1,25,1,'GM_ACHIEVEMENT_00000247','aftermarket','achievements_rewards',1),
  (163,42,1,25,2,'GM_ACHIEVEMENT_00000166','cardpack','mystery',4),
  (164,42,1,25,3,'GM_ACHIEVEMENT_00000248','performance','achievements_rewards',10),
  (165,43,1,25,1,'GM_ACHIEVEMENT_0000022B','aftermarket','achievements_rewards',1),
  (166,43,1,25,2,'GM_ACHIEVEMENT_0000024A','aftermarket','achievements_rewards',4),
  (167,43,1,25,3,'GM_ACHIEVEMENT_00000185','cardpack','gold',10),
  (168,44,1,25,1,'GM_ACHIEVEMENT_0000022B','aftermarket','achievements_rewards',1),
  (169,44,1,25,2,'GM_ACHIEVEMENT_0000024D','aftermarket','achievements_rewards',4),
  (170,44,1,25,3,'GM_ACHIEVEMENT_00000185','cardpack','gold',10),
  (171,45,1,25,1,'GM_ACHIEVEMENT_0000022B','aftermarket','achievements_rewards',1),
  (172,45,1,25,2,'GM_ACHIEVEMENT_00000229','skillmod','achievements_rewards',4),
  (173,45,1,25,3,'GM_ACHIEVEMENT_0000023A','aftermarket','achievements_rewards',10),
  (174,46,0,25,1,'GM_ACHIEVEMENT_0000018D','skillmod','achievements_rewards',1),
  (175,46,1,25,2,'GM_ACHIEVEMENT_00000166','cardpack','mystery',4),
  (176,46,1,25,3,'GM_ACHIEVEMENT_0000024C','aftermarket','achievements_rewards',10),
  (177,47,1,25,1,'GM_ACHIEVEMENT_00000231','performance','achievements_rewards',1),
  (178,47,1,25,2,'GM_ACHIEVEMENT_00000236','skillmod','achievements_rewards',4),
  (179,47,1,25,3,'GM_ACHIEVEMENT_0000017D','cardpack','platinum',10),
  (180,48,1,25,1,'GM_ACHIEVEMENT_00000254','performance','achievements_rewards',1),
  (181,48,1,25,2,'GM_ACHIEVEMENT_00000189','skillmod','achievements_rewards',4),
  (182,48,1,25,3,'GM_ACHIEVEMENT_00000192','cardpack','skillmods_gold_race',10),
  (183,49,0,25,1,'GM_ACHIEVEMENT_0000018D','skillmod','achievements_rewards',1),
  (184,49,1,25,2,'GM_ACHIEVEMENT_00000166','cardpack','mystery',4),
  (185,49,1,25,3,'GM_ACHIEVEMENT_00000255','aftermarket','achievements_rewards',10),
  (186,50,0,25,1,'GM_ACHIEVEMENT_00000242','performance','achievements_rewards',1),
  (187,50,1,25,2,'GM_ACHIEVEMENT_00000184','skillmod','achievements_rewards',4),
  (188,50,1,25,3,'GM_ACHIEVEMENT_0000022E','aftermarket','achievements_rewards',10),
  (189,51,1,25,1,'GM_ACHIEVEMENT_0000022D','performance','achievements_rewards',1),
  (190,51,1,25,2,'GM_ACHIEVEMENT_00000236','skillmod','achievements_rewards',4),
  (191,51,1,25,3,'GM_ACHIEVEMENT_0000017D','cardpack','platinum',10),
  (192,52,1,25,1,'GM_ACHIEVEMENT_00000245','aftermarket','achievements_rewards',1),
  (193,52,1,25,2,'GM_ACHIEVEMENT_00000196','cardpack','silver',4),
  (194,52,1,25,3,'GM_ACHIEVEMENT_0000022E','aftermarket','achievements_rewards',10),
  (195,53,0,25,1,'GM_ACHIEVEMENT_00000259','performance','achievements_rewards',1),
  (196,53,1,25,2,'GM_ACHIEVEMENT_00000181','cardpack','mystery',4),
  (197,53,1,25,3,'GM_ACHIEVEMENT_0000022E','aftermarket','achievements_rewards',10),
  (198,54,1,25,1,'GM_ACHIEVEMENT_00000257','performance','achievements_rewards',1),
  (199,54,1,25,2,'GM_ACHIEVEMENT_00000184','skillmod','achievements_rewards',4),
  (200,54,1,25,3,'GM_ACHIEVEMENT_00000258','aftermarket','achievements_rewards',10),
  (201,55,1,25,1,'GM_ACHIEVEMENT_00000238','aftermarket','achievements_rewards',1),
  (202,55,1,25,2,'GM_ACHIEVEMENT_00000256','aftermarket','achievements_rewards',4),
  (203,55,1,25,3,'GM_ACHIEVEMENT_00000185','cardpack','gold',10),
  (204,56,1,25,1,'GM_ACHIEVEMENT_00000238','aftermarket','achievements_rewards',1),
  (205,56,1,25,2,'GM_ACHIEVEMENT_00000196','cardpack','silver',4),
  (206,56,1,25,3,'GM_ACHIEVEMENT_0000025A','aftermarket','achievements_rewards',10),
  (207,57,1,25,1,'GM_ACHIEVEMENT_00000261','aftermarket','achievements_rewards',1),
  (208,57,1,25,2,'GM_ACHIEVEMENT_00000196','cardpack','silver',4),
  (209,57,1,25,3,'GM_ACHIEVEMENT_00000262','performance','achievements_rewards',10),
  (210,58,1,25,1,'GM_ACHIEVEMENT_0000024A','aftermarket','achievements_rewards',1),
  (211,58,1,25,2,'GM_ACHIEVEMENT_00000184','skillmod','achievements_rewards',4),
  (212,58,1,25,3,'GM_ACHIEVEMENT_00000260','aftermarket','achievements_rewards',10),
  (213,59,1,25,1,'GM_ACHIEVEMENT_00000228','aftermarket','achievements_rewards',1),
  (214,59,1,25,2,'GM_ACHIEVEMENT_00000166','cardpack','mystery',4),
  (215,59,1,25,3,'GM_ACHIEVEMENT_00000264','aftermarket','achievements_rewards',10),
  (216,60,1,25,1,'GM_ACHIEVEMENT_0000023C','performance','achievements_rewards',1),
  (217,60,1,25,2,'GM_ACHIEVEMENT_00000196','cardpack','silver',4),
  (218,60,1,25,3,'GM_ACHIEVEMENT_0000022E','aftermarket','achievements_rewards',10),
  (219,61,0,25,1,'GM_ACHIEVEMENT_00000227','performance','achievements_rewards',1),
  (220,61,1,25,2,'GM_ACHIEVEMENT_00000181','cardpack','mystery',4),
  (221,61,1,25,3,'GM_ACHIEVEMENT_00000266','aftermarket','achievements_rewards',10),
  (222,62,0,10,1,'GM_ACHIEVEMENT_000001A6','skillmod','achievements_rewards',1),
  (223,62,0,10,2,'GM_ACHIEVEMENT_00000238','aftermarket','achievements_rewards',50),
  (224,62,0,10,3,'GM_ACHIEVEMENT_00000196','cardpack','silver',250),
  (225,62,1,10,4,'GM_ACHIEVEMENT_0000025E','aftermarket','achievements_rewards',1000),
  (226,62,1,10,5,'GM_ACHIEVEMENT_0000025F','skillmod','achievements_rewards',2500),
  (227,63,0,10,1,'GM_ACHIEVEMENT_0000017F','powerup','achievements_rewards',10),
  (228,63,0,10,2,'GM_ACHIEVEMENT_0000016B','cash','achievements_rewards',50),
  (229,63,1,10,3,'GM_ACHIEVEMENT_000001A4','aftermarket','achievements_rewards',250),
  (230,63,1,10,4,'GM_ACHIEVEMENT_00000183','cash','achievements_rewards',1000),
  (231,63,1,10,5,'GM_ACHIEVEMENT_000001A5','car','achievements_rewards',5000),
  (232,64,0,10,1,'GM_ACHIEVEMENT_0000018A','skillmod','achievements_rewards',1),
  (233,64,0,10,2,'GM_ACHIEVEMENT_0000016B','cash','achievements_rewards',25),
  (234,64,1,10,3,'GM_ACHIEVEMENT_00000265','skillmod','achievements_rewards',100),
  (235,64,1,10,4,'GM_ACHIEVEMENT_0000018B','cardpack','skillmods_gold_rewardsbooster',250),
  (236,64,1,10,5,'GM_ACHIEVEMENT_00000193','cardpack','cardpack_carprize',500),
  (237,65,0,50,1,'GM_ACHIEVEMENT_0000018A','skillmod','achievements_rewards',3),
  (238,65,0,50,2,'GM_ACHIEVEMENT_0000016B','cash','achievements_rewards',7),
  (239,65,0,50,3,'GM_ACHIEVEMENT_0000023B','performance','achievements_rewards',30),
  (240,65,1,50,4,'GM_ACHIEVEMENT_0000018B','cardpack','skillmods_gold_rewardsbooster',90),
  (241,65,1,50,5,'GM_ACHIEVEMENT_0000018C','car','achievements_rewards',180);

INSERT INTO SOAPBOX.`ACHIEVEMENTREWARD` (`id`, `achievementId`, `rewards`)
VALUES
  (1,12,'{\"ranks\":[{\"rank\":1,\"rewardType\":\"powerup\",\"items\":[{\"id\":\"SRV-POWERUP9\",\"count\":10,\"title\":\"NITROUS x10\"}]},{\"rank\":2,\"rewardType\":\"aftermarket\",\"items\":[{\"id\":\"SRV-WINDOW5\",\"count\":1,\"title\":\"YELLOW WINDOW TINT\"}]},{\"rank\":3,\"rewardType\":\"cardpack\",\"items\":[]},{\"rank\":4,\"rewardType\":\"cash\",\"items\":[{\"count\":1,\"title\":\"GM_CATALOG_00000190,1000000\"}]},{\"rank\":5,\"rewardType\":\"aftermarket\",\"items\":[{\"id\":\"SRV-WHEEL237\",\"count\":1,\"title\":\"19\\\" RACING HART WHEELS\",\"random\":{\"chance\":0.25}}]}]}'),
  (2,16,'{\"ranks\":[{\"rank\":1,\"rewardType\":\"powerup\",\"items\":[{\"id\":\"SRV-POWERUP5\",\"count\":10,\"title\":\"READY x10\"}]},{\"rank\":2,\"rewardType\":\"aftermarket\",\"items\":[{\"id\":\"SRV-WINDOW3\",\"count\":1,\"title\":\"BLACK WINDOW TINT\"}]},{\"rank\":3,\"rewardType\":\"aftermarket\",\"items\":[{\"id\":\"SRV-EPNEON10\",\"count\":1,\"title\":\"SKYBLUE NEON\"}]},{\"rank\":4,\"rewardType\":\"cardpack\",\"info\":{\"numCards\":5,\"style\":\"skillpack\"}},{\"rank\":5,\"rewardType\":\"aftermarket\",\"items\":[{\"id\":\"SRV-LICENSE12\",\"count\":5,\"title\":\"\\\"CASH\\\" LICENSE PLATE x5\"}]}]}'),
  (3,62,'{\"ranks\":[{\"rank\":1,\"rewardType\":\"skillmod\",\"items\":[{\"id\":\"SRV-SKILL338\",\"count\":1,\"title\":\"2-STAR SUPER SHOT SKILL MOD\",\"random\":{\"chance\":0.3}},{\"id\":\"SRV-SKILL339\",\"count\":1,\"title\":\"2-STAR SUPER SHOT SKILL MOD\",\"random\":{\"chance\":0.5}},{\"id\":\"SRV-SKILL340\",\"count\":1,\"title\":\"2-STAR SUPER SHOT SKILL MOD\",\"random\":{\"chance\":0.2}}]},{\"rank\":2,\"rewardType\":\"aftermarket\",\"items\":[{\"id\":\"SRV-LOWKIT1\",\"count\":1,\"title\":\"STAGE 1 LOWERING KIT\"}]},{\"rank\":3,\"rewardType\":\"cardpack\",\"info\":{\"numCards\":5,\"style\":\"silver\"}},{\"rank\":4,\"rewardType\":\"aftermarket\",\"items\":[{\"id\":\"SRV-WINDOW10\",\"count\":1,\"title\":\"SMOKE BLACKOUT WINDOW TINT\"}]},{\"rank\":5,\"rewardType\":\"skillmod\",\"items\":[{\"id\":\"SRV-SKILL347\",\"count\":1,\"title\":\"4-STAR SUPER SHOT SKILL MOD\",\"random\":{\"chance\":0.2}},{\"id\":\"SRV-SKILL348\",\"count\":1,\"title\":\"4-STAR SUPER SHOT SKILL MOD\",\"random\":{\"chance\":0.2}},{\"id\":\"SRV-SKILL349\",\"count\":1,\"title\":\"4-STAR SUPER SHOT SKILL MOD\",\"random\":{\"chance\":0.2}},{\"id\":\"SRV-SKILL350\",\"count\":1,\"title\":\"4-STAR SUPER SHOT SKILL MOD\",\"random\":{\"chance\":0.2}},{\"id\":\"SRV-SKILL351\",\"count\":1,\"title\":\"4-STAR SUPER SHOT SKILL MOD\",\"random\":{\"chance\":0.2}}]}]}'),
  (4,1,'{\"ranks\":[{\"rank\":1,\"rewardType\":\"aftermarket\",\"items\":[{\"id\":\"SRV-SKILL338\",\"count\":1,\"title\":\"2-STAR SUPER SHOT SKILL MOD\",\"random\":{\"chance\":0.3}},{\"id\":\"SRV-SKILL339\",\"count\":1,\"title\":\"2-STAR SUPER SHOT SKILL MOD\",\"random\":{\"chance\":0.5}},{\"id\":\"SRV-SKILL340\",\"count\":1,\"title\":\"2-STAR SUPER SHOT SKILL MOD\",\"random\":{\"chance\":0.2}}]}]}');

INSERT INTO `BADGEDEFINITION` (`id`, `background`, `border`, `description`, `icon`, `name`)
VALUES
  (1,'ACH_ICON_BG_COMPETE','ACH_ICON_FRAME','GM_ACHIEVEMENT_0000013D','ACH_INCUR_COSTTOSTATE','GM_ACHIEVEMENT_00000026'),
  (2,'ACH_ICON_BG_COMPETE','ACH_ICON_FRAME','GM_ACHIEVEMENT_0000002A','ACH_CLOCKED_AIRTIME','GM_ACHIEVEMENT_00000029'),
  (3,'ACH_ICON_BG_COLLECT','ACH_ICON_FRAME','GM_ACHIEVEMENT_000001F0','ACH_OWN_LEXUS','GM_ACHIEVEMENT_0000002E'),
  (4,'ACH_ICON_BG_COMPETE','ACH_ICON_FRAME','GM_ACHIEVEMENT_000001F1','ACH_PURSUIT','GM_ACHIEVEMENT_00000005'),
  (5,'ACH_ICON_BG_COLLECT','ACH_ICON_FRAME','GM_ACHIEVEMENT_000001F2','ACH_OWN_MCLAREN','GM_ACHIEVEMENT_00000033'),
  (6,'ACH_ICON_BG_SOCIAL','ACH_ICON_FRAME','GM_ACHIEVEMENT_000001F4','ACH_EARN_DRIVERSCORE','GM_ACHIEVEMENT_00000164'),
  (7,'ACH_ICON_BG_COMPETE','ACH_ICON_FRAME','GM_ACHIEVEMENT_0000003C','ACH_HOT_STREAK','GM_ACHIEVEMENT_0000003B'),
  (8,'ACH_ICON_BG','ACH_ICON_FRAME','GM_ACHIEVEMENT_0000003F','empty','GM_ACHIEVEMENT_0000003E'),
  (9,'ACH_ICON_BG_COLLECT','ACH_ICON_FRAME','GM_ACHIEVEMENT_000001F5','ACH_OWN_MERCEDES-BENZ','GM_ACHIEVEMENT_00000041'),
  (10,'ACH_ICON_BG_COMPETE','ACH_ICON_FRAME','GM_ACHIEVEMENT_00000045','ACH_WIN_RACES_BCLASS','GM_ACHIEVEMENT_00000044'),
  (11,'ACH_ICON_BG_COLLECT','ACH_ICON_FRAME','GM_ACHIEVEMENT_000001F6','ACH_OWN_SUBARU','GM_ACHIEVEMENT_00000047'),
  (12,'ACH_ICON_BG','ACH_ICON_FRAME','GM_ACHIEVEMENT_0000004B','empty','GM_ACHIEVEMENT_0000004A'),
  (13,'ACH_ICON_BG_SOCIAL','ACH_ICON_FRAME','GM_ACHIEVEMENT_0000004E','ACH_REACH_DRIVERLEVEL','GM_ACHIEVEMENT_0000004D'),
  (14,'ACH_ICON_BG_COLLECT','ACH_ICON_FRAME','GM_ACHIEVEMENT_000001F7','ACH_OWN_MITSUBISHI','GM_ACHIEVEMENT_00000050'),
  (15,'ACH_ICON_BG_COLLECT','ACH_ICON_FRAME','GM_ACHIEVEMENT_000001F8','ACH_OWN_ASTONMARTIN','GM_ACHIEVEMENT_00000053'),
  (16,'ACH_ICON_BG','ACH_ICON_FRAME','GM_ACHIEVEMENT_00000057','empty','GM_ACHIEVEMENT_00000056'),
  (17,'ACH_ICON_BG_COMPETE','ACH_ICON_FRAME','GM_ACHIEVEMENT_0000005A','ACH_COPSDISABLED_TE','GM_ACHIEVEMENT_00000059'),
  (18,'ACH_ICON_BG_COLLECT','ACH_ICON_FRAME','GM_ACHIEVEMENT_000001F9','ACH_OWN_SHELBY','GM_ACHIEVEMENT_0000005C'),
  (19,'ACH_ICON_BG_COLLECT','ACH_ICON_FRAME','GM_ACHIEVEMENT_000001FA','ACH_OWN_CADILLAC','GM_ACHIEVEMENT_0000005F'),
  (20,'ACH_ICON_BG_COLLECT','ACH_ICON_FRAME','GM_ACHIEVEMENT_000001FB','ACH_OWN_LANCIA','GM_ACHIEVEMENT_00000062'),
  (21,'ACH_ICON_BG_COLLECT','ACH_ICON_FRAME','GM_ACHIEVEMENT_000001FC','ACH_OWN_PAGANI','GM_ACHIEVEMENT_00000065'),
  (22,'ACH_ICON_BG_COMPETE','ACH_ICON_FRAME','GM_ACHIEVEMENT_00000069','ACH_WINSTREAK_TH','GM_ACHIEVEMENT_00000068'),
  (23,'ACH_ICON_BG','ACH_ICON_FRAME','GM_ACHIEVEMENT_00000140','empty','GM_ACHIEVEMENT_0000006A'),
  (24,'ACH_ICON_BG_COLLECT','ACH_ICON_FRAME','GM_ACHIEVEMENT_000001FD','ACH_OWN_HUMMER','GM_ACHIEVEMENT_0000006D'),
  (25,'ACH_ICON_BG_COLLECT','ACH_ICON_FRAME','GM_ACHIEVEMENT_000001FE','ACH_OWN_ALFAROMEO','GM_ACHIEVEMENT_00000070'),
  (26,'ACH_ICON_BG_COLLECT','ACH_ICON_FRAME','GM_ACHIEVEMENT_0000020B','ACH_OWN_DODGE','GM_ACHIEVEMENT_000000A6'),
  (27,'ACH_ICON_BG_COLLECT','ACH_ICON_FRAME','GM_ACHIEVEMENT_000001FF','ACH_OWN_BENTLEY','GM_ACHIEVEMENT_00000073'),
  (28,'ACH_ICON_BG_COMPETE','ACH_ICON_FRAME','GM_ACHIEVEMENT_00000077','ACH_WIN_RACES_SCLASS','GM_ACHIEVEMENT_00000076'),
  (29,'ACH_ICON_BG_COLLECT','ACH_ICON_FRAME','GM_ACHIEVEMENT_00000200','ACH_OWN_MAZDA','GM_ACHIEVEMENT_00000079'),
  (30,'ACH_ICON_BG_COMPETE','ACH_ICON_FRAME','GM_ACHIEVEMENT_0000007D','ACH_WIN_RACES_ACLASS','GM_ACHIEVEMENT_0000007C'),
  (31,'ACH_ICON_BG_CUSTOMIZE','ACH_ICON_FRAME','GM_ACHIEVEMENT_00000080','ACH_INSTALL_PAINTS','GM_ACHIEVEMENT_0000007F'),
  (32,'ACH_ICON_BG_COMPETE','ACH_ICON_FRAME','GM_ACHIEVEMENT_00000083','ACH_WIN_RACES_CCLASS','GM_ACHIEVEMENT_00000082'),
  (33,'ACH_ICON_BG_COLLECT','ACH_ICON_FRAME','GM_ACHIEVEMENT_00000201','ACH_OWN_JEEP','GM_ACHIEVEMENT_00000167'),
  (34,'ACH_ICON_BG_CUSTOMIZE','ACH_ICON_FRAME','GM_ACHIEVEMENT_00000267','ACH_RACE_MODDER','GM_ACHIEVEMENT_00000148'),
  (35,'ACH_ICON_BG_COLLECT','ACH_ICON_FRAME','GM_ACHIEVEMENT_00000203','ACH_OWN_RENAULTSPORT','GM_ACHIEVEMENT_00000085'),
  (36,'ACH_ICON_BG_COLLECT','ACH_ICON_FRAME','GM_ACHIEVEMENT_00000204','ACH_OWN_CHRYSLER','GM_ACHIEVEMENT_00000088'),
  (37,'ACH_ICON_BG','ACH_ICON_FRAME','GM_ACHIEVEMENT_00000146','empty','GM_ACHIEVEMENT_00000145'),
  (38,'ACH_ICON_BG_COLLECT','ACH_ICON_FRAME','GM_ACHIEVEMENT_00000205','ACH_OWN_FORDSHELBY','GM_ACHIEVEMENT_0000008B'),
  (39,'ACH_ICON_BG','ACH_ICON_FRAME','GM_ACHIEVEMENT_0000008F','badge19','GM_ACHIEVEMENT_0000008E'),
  (40,'ACH_ICON_BG_COLLECT','ACH_ICON_FRAME','GM_ACHIEVEMENT_00000206','ACH_OWN_VAUXHALL','GM_ACHIEVEMENT_00000091'),
  (41,'ACH_ICON_BG_COMPETE','ACH_ICON_FRAME','GM_ACHIEVEMENT_00000095','ACH_WIN_RACES_DCLASS','GM_ACHIEVEMENT_00000094'),
  (42,'ACH_ICON_BG_CUSTOMIZE','ACH_ICON_FRAME','GM_ACHIEVEMENT_00000268','ACH_PURSUIT_MODDER','GM_ACHIEVEMENT_0000014B'),
  (43,'ACH_ICON_BG_COLLECT','ACH_ICON_FRAME','GM_ACHIEVEMENT_00000207','ACH_OWN_NISSAN','GM_ACHIEVEMENT_00000097'),
  (44,'ACH_ICON_BG_COLLECT','ACH_ICON_FRAME','GM_ACHIEVEMENT_00000208','ACH_OWN_INFINITI','GM_ACHIEVEMENT_0000009A'),
  (45,'ACH_ICON_BG','ACH_ICON_FRAME','GM_ACHIEVEMENT_0000009E','empty','GM_ACHIEVEMENT_0000009D'),
  (46,'ACH_ICON_BG_COLLECT','ACH_ICON_FRAME','GM_ACHIEVEMENT_00000209','ACH_OWN_AUDI','GM_ACHIEVEMENT_000000A0'),
  (47,'ACH_ICON_BG_COLLECT','ACH_ICON_FRAME','GM_ACHIEVEMENT_0000020A','ACH_OWN_PLYMOUTH','GM_ACHIEVEMENT_000000A3'),
  (48,'ACH_ICON_BG_COLLECT','ACH_ICON_FRAME','GM_ACHIEVEMENT_0000020B','ACH_OWN_DODGE','GM_ACHIEVEMENT_000000A6'),
  (49,'ACH_ICON_BG_COMPETE','ACH_ICON_FRAME','GM_ACHIEVEMENT_0000014F','ACH_WIN_DRAG','GM_ACHIEVEMENT_0000014E'),
  (50,'ACH_ICON_BG_COLLECT','ACH_ICON_FRAME','GM_ACHIEVEMENT_0000020C','ACH_OWN_FORD','GM_ACHIEVEMENT_00000011'),
  (51,'ACH_ICON_BG_CUSTOMIZE','ACH_ICON_FRAME','GM_ACHIEVEMENT_00000269','ACH_EXPLORE_MODDER','GM_ACHIEVEMENT_00000151'),
  (52,'ACH_ICON_BG','ACH_ICON_FRAME','GM_ACHIEVEMENT_000000AC','empty','GM_ACHIEVEMENT_000000AB'),
  (53,'ACH_ICON_BG_COLLECT','ACH_ICON_FRAME','GM_ACHIEVEMENT_0000020E','ACH_OWN_BMW','GM_ACHIEVEMENT_000000AE'),
  (54,'ACH_ICON_BG','ACH_ICON_FRAME','GM_ACHIEVEMENT_00000014','badge10','GM_ACHIEVEMENT_00000013'),
  (55,'ACH_ICON_BG_COLLECT','ACH_ICON_FRAME','GM_ACHIEVEMENT_0000020F','ACH_OWN_PORSCHE','GM_ACHIEVEMENT_000000B1'),
  (56,'ACH_ICON_BG_CUSTOMIZE','ACH_ICON_FRAME','GM_ACHIEVEMENT_00000017','ACH_INSTALL_VINYLS','GM_ACHIEVEMENT_000000B4'),
  (57,'ACH_ICON_BG_COLLECT','ACH_ICON_FRAME','GM_ACHIEVEMENT_00000210','ACH_OWN_CATERHAM','GM_ACHIEVEMENT_00000168'),
  (58,'ACH_ICON_BG_COLLECT','ACH_ICON_FRAME','GM_ACHIEVEMENT_000000B7','ACH_OWN_SEAT','GM_ACHIEVEMENT_000000B6'),
  (59,'ACH_ICON_BG_SOCIAL','ACH_ICON_FRAME','GM_ACHIEVEMENT_000000B9','ACH_IS_DEVELOPER','GM_ACHIEVEMENT_000000B8'),
  (60,'ACH_ICON_BG','ACH_ICON_FRAME','GM_ACHIEVEMENT_00000155','empty','GM_ACHIEVEMENT_00000154'),
  (61,'ACH_ICON_BG_COLLECT','ACH_ICON_FRAME','GM_ACHIEVEMENT_00000211','ACH_OWN_CAR','GM_ACHIEVEMENT_00000018'),
  (62,'ACH_ICON_BG_COLLECT','ACH_ICON_FRAME','GM_ACHIEVEMENT_00000212','ACH_OWN_CHEVROLET','GM_ACHIEVEMENT_000000BC'),
  (63,'ACH_ICON_BG_COLLECT','ACH_ICON_FRAME','GM_ACHIEVEMENT_00000213','ACH_OWN_PONTIAC','GM_ACHIEVEMENT_000000BF'),
  (64,'ACH_ICON_BG_COLLECT','ACH_ICON_FRAME','GM_ACHIEVEMENT_00000214','ACH_OWN_SCION','GM_ACHIEVEMENT_000000C2'),
  (65,'ACH_ICON_BG','ACH_ICON_FRAME','GM_ACHIEVEMENT_000000C6','empty','GM_ACHIEVEMENT_000000C5'),
  (66,'ACH_ICON_BG','ACH_ICON_FRAME','GM_ACHIEVEMENT_000000C9','empty','GM_ACHIEVEMENT_000000C8'),
  (67,'ACH_ICON_BG_COMPETE','ACH_ICON_FRAME','GM_ACHIEVEMENT_00000141','ACH_UNTOUCHABLE','GM_ACHIEVEMENT_000000CA'),
  (68,'ACH_ICON_BG_COLLECT','ACH_ICON_FRAME','GM_ACHIEVEMENT_00000215','ACH_OWN_LOTUS','GM_ACHIEVEMENT_000000CD'),
  (69,'ACH_ICON_BG','ACH_ICON_FRAME','GM_ACHIEVEMENT_000000D1','empty','GM_ACHIEVEMENT_000000D0'),
  (70,'ACH_ICON_BG','ACH_ICON_FRAME','GM_ACHIEVEMENT_000000D4','empty','GM_ACHIEVEMENT_000000D3'),
  (71,'ACH_ICON_BG_COMPETE','ACH_ICON_FRAME','GM_ACHIEVEMENT_000000D7','ACH_DODGE_ROADBLOCK_TE','GM_ACHIEVEMENT_000000D6'),
  (72,'ACH_ICON_BG_SOCIAL','ACH_ICON_FRAME','GM_ACHIEVEMENT_00000222','ACH_REACH_DRIVERAGE','GM_ACHIEVEMENT_000000D8'),
  (73,'ACH_ICON_BG_COMPETE','ACH_ICON_FRAME','GM_ACHIEVEMENT_00000216','ACH_DRAG_STREAK','GM_ACHIEVEMENT_00000156'),
  (74,'ACH_ICON_BG_COMPETE','ACH_ICON_FRAME','GM_ACHIEVEMENT_000000DC','ACH_DRIVE_MILES','GM_ACHIEVEMENT_000000DB'),
  (75,'ACH_ICON_BG','ACH_ICON_FRAME','GM_ACHIEVEMENT_0000015A','empty','GM_ACHIEVEMENT_00000159'),
  (76,'ACH_ICON_BG_CUSTOMIZE','ACH_ICON_FRAME','GM_ACHIEVEMENT_0000026B','ACH_INSTALL_PERFORMANCEPART','GM_ACHIEVEMENT_000000DE'),
  (77,'ACH_ICON_BG_COLLECT','ACH_ICON_FRAME','GM_ACHIEVEMENT_00000218','ACH_OWN_JAGUAR','GM_ACHIEVEMENT_000000E1'),
  (78,'ACH_ICON_BG_CUSTOMIZE','ACH_ICON_FRAME','GM_ACHIEVEMENT_000000E5','ACH_INSTALL_AFTERMARKETPART','GM_ACHIEVEMENT_000000E4'),
  (79,'ACH_ICON_BG','ACH_ICON_FRAME','GM_ACHIEVEMENT_000000E8','empty','GM_ACHIEVEMENT_000000E7'),
  (80,'ACH_ICON_BG_COLLECT','ACH_ICON_FRAME','GM_ACHIEVEMENT_00000219','ACH_OWN_LAMBORGHINI','GM_ACHIEVEMENT_0000001D'),
  (81,'ACH_ICON_BG_COLLECT','ACH_ICON_FRAME','GM_ACHIEVEMENT_0000021A','ACH_OWN_TOYOTA','GM_ACHIEVEMENT_000000EC'),
  (82,'ACH_ICON_BG','ACH_ICON_FRAME','GM_ACHIEVEMENT_0000010F','empty','GM_ACHIEVEMENT_0000010E'),
  (83,'ACH_ICON_BG','ACH_ICON_FRAME','GM_ACHIEVEMENT_000000EF','empty','GM_ACHIEVEMENT_000000EE'),
  (84,'ACH_ICON_BG_SOCIAL','ACH_ICON_FRAME','GM_ACHIEVEMENT_000000F1','ACH_PARTICIPATE_OPENBETA','GM_ACHIEVEMENT_000000F0'),
  (85,'ACH_ICON_BG_COLLECT','ACH_ICON_FRAME','GM_ACHIEVEMENT_0000021B','ACH_OWN_VOLKSWAGEN','GM_ACHIEVEMENT_000000F3'),
  (86,'ACH_ICON_BG','ACH_ICON_FRAME','GM_ACHIEVEMENT_000000F7','empty','GM_ACHIEVEMENT_000000F6'),
  (87,'ACH_ICON_BG_COLLECT','ACH_ICON_FRAME','GM_ACHIEVEMENT_0000021C','ACH_OWN_MARUSSIA','GM_ACHIEVEMENT_000000F9'),
  (88,'ACH_ICON_BG','ACH_ICON_FRAME','GM_ACHIEVEMENT_000000FD','empty','GM_ACHIEVEMENT_000000FC'),
  (89,'ACH_ICON_BG_COLLECT','ACH_ICON_FRAME','GM_ACHIEVEMENT_000001F3','ACH_EARN_CASH_EVENT','GM_ACHIEVEMENT_00000022'),
  (90,'ACH_ICON_BG','ACH_ICON_FRAME','GM_ACHIEVEMENT_0000015D','empty','GM_ACHIEVEMENT_0000015C'),
  (91,'ACH_ICON_BG_COMPETE','ACH_ICON_FRAME','GM_ACHIEVEMENT_000000FF','ACH_COMPLETE_TH','GM_ACHIEVEMENT_00000002'),
  (92,'ACH_ICON_BG_COMPETE','ACH_ICON_FRAME','GM_ACHIEVEMENT_00000102','ACH_WIN_RACES_ECLASS','GM_ACHIEVEMENT_00000101'),
  (93,'ACH_ICON_BG_COLLECT','ACH_ICON_FRAME','GM_ACHIEVEMENT_0000021D','ACH_OWN_KOENIGSEGG','GM_ACHIEVEMENT_00000104'),
  (94,'ACH_ICON_BG_COMPETE','ACH_ICON_FRAME','GM_ACHIEVEMENT_00000107','ACH_PLAY_EVENTS','GM_ACHIEVEMENT_00000020'),
  (95,'ACH_ICON_BG_COMPETE','ACH_ICON_FRAME','GM_ACHIEVEMENT_0000021E','ACH_GETAWAY_DRIVER','GM_ACHIEVEMENT_00000109'),
  (96,'ACH_ICON_BG_COMPETE','ACH_ICON_FRAME','GM_ACHIEVEMENT_0000026E','ACH_USE_NOS','GM_ACHIEVEMENT_0000010C'),
  (97,'ACH_ICON_BG','ACH_ICON_FRAME','GM_ACHIEVEMENT_00000160','empty','GM_ACHIEVEMENT_0000015F'),
  (98,'ACH_ICON_BG','ACH_ICON_FRAME','GM_ACHIEVEMENT_00000163','empty','GM_ACHIEVEMENT_00000162');